count;commit_timestamp
0;28.02.02 00:05
70;01.06.02 20:55
70;17.09.02 06:00
71;24.12.02 20:11
68;23.06.03 03:17
69;06.03.04 09:22
69;07.06.04 13:05
69;24.09.04 14:18
1;11.01.05 21:58
1;20.04.05 05:28
1;22.07.05 19:41
1;24.10.05 22:54
4;26.01.06 06:37
8;29.04.06 11:54
7;02.08.06 16:21
7;03.11.06 20:01
93;04.02.07 23:51
211;09.05.07 20:14
247;10.08.07 20:34
44;11.11.07 19:50
35;13.02.08 12:07
218;17.05.08 10:12
217;18.08.08 17:58
46;20.11.08 08:19
64;21.02.09 11:45
71;25.05.09 15:43
281;26.08.09 17:29
244;27.11.09 16:32
232;28.02.10 18:00
309;01.06.10 21:06
315;02.09.10 23:59
370;05.12.10 15:24
339;08.03.11 16:19
358;09.06.11 17:32
407;10.09.11 20:12
403;12.12.11 23:31
498;15.03.12 09:12
484;16.06.12 10:55
286;17.09.12 18:14
299;19.12.12 18:04
319;22.03.13 18:07
328;23.06.13 19:12
339;25.09.13 03:28
415;27.12.13 09:36
473;31.03.14 13:34
496;02.07.14 15:22
497;03.10.14 17:28
561;04.01.15 18:48
625;07.04.15 20:36
634;09.07.15 20:49
658;10.10.15 22:00
666;12.01.16 07:35
715;14.04.16 17:21
744;11.08.16 01:59
760;19.11.16 08:28