"count","commit_timestamp"
"635","2010-07-15 00:12:00"
"740","2010-10-16 03:26:11"
"889","2011-01-17 09:46:42"
"945","2011-04-25 16:37:56"
"1037","2011-07-27 22:27:11"
"1031","2011-10-31 14:50:18"
"1051","2012-02-09 08:25:20"
"1041","2012-05-15 03:03:53"
"970","2013-03-16 17:11:30"
"824","2013-08-22 17:22:55"
"865","2014-03-16 18:25:50"
"885","2014-08-12 20:44:28"
"1754","2014-12-04 09:42:40"
"2295","2015-10-23 06:21:18"
"2236","2016-04-04 06:41:09"
"2203","2016-11-19 16:51:05"
